{
  "best_hyperparameters_per_emb": {
    "glove": {
      "emb_name": "glove",
      "window_size": 1,
      "hidden_size": 512,
      "lr": 0.001,
      "batch_size": 256,
      "dropout": 0.3,
      "epochs_run": 10,
      "val_loss_best": 0.08598081648225903,
      "train_loss_last": 0.06461654009634055,
      "train_hist": [
        0.2200528881855829,
        0.11980829610740214,
        0.1022222884417319,
        0.09194662383485971,
        0.08410715154358182,
        0.07898807524237478,
        0.07428868688929727,
        0.07062486364504363,
        0.0676432766393313,
        0.06461654009634055
      ],
      "val_hist": [
        0.11739833455751925,
        0.1009407725108935,
        0.09430854092530734,
        0.09092028567191128,
        0.08970973091890745,
        0.08955837027324587,
        0.08598081648225903,
        0.09212354487260742,
        0.08649983816801587,
        0.09299530840033422
      ]
    },
    "svd": {
      "emb_name": "svd",
      "window_size": 1,
      "hidden_size": 512,
      "lr": 0.001,
      "batch_size": 512,
      "dropout": 0.3,
      "epochs_run": 10,
      "val_loss_best": 0.1460602835428958,
      "train_loss_last": 0.12440600253481221,
      "train_hist": [
        0.2784620660800057,
        0.1964633891192512,
        0.1750886444262407,
        0.16262145752581753,
        0.15267735526733592,
        0.14486734559352463,
        0.13821284069551493,
        0.13283893130160745,
        0.12810360050267514,
        0.12440600253481221
      ],
      "val_hist": [
        0.19537083956660056,
        0.17701824385748835,
        0.16864052369278304,
        0.15905128255942647,
        0.15669547880486567,
        0.15421271031456335,
        0.15314446241423793,
        0.14896245538352096,
        0.14951660392843946,
        0.1460602835428958
      ]
    },
    "skipgram": {
      "emb_name": "skipgram",
      "window_size": 1,
      "hidden_size": 512,
      "lr": 0.001,
      "batch_size": 512,
      "dropout": 0.3,
      "epochs_run": 10,
      "val_loss_best": 0.11871033017428553,
      "train_loss_last": 0.11868963275403659,
      "train_hist": [
        0.40022760633542037,
        0.208882908755397,
        0.17514003457505176,
        0.157141894155558,
        0.14590939526085905,
        0.13772353437587628,
        0.13145591067338566,
        0.1266739521289836,
        0.12239334939335657,
        0.11868963275403659
      ],
      "val_hist": [
        0.20504399617107547,
        0.16486739006121548,
        0.1451632702837185,
        0.1365345294910426,
        0.13170527256264977,
        0.12744123617909392,
        0.12299428891618641,
        0.12154284921683828,
        0.12060922848022713,
        0.11871033017428553
      ]
    }
  },
  "test_results": {
    "glove": {
      "val_loss": 0.0881641729308478,
      "epochs_run": 9,
      "accuracy": 0.9743145028080608,
      "macro_f1": 0.9409128693440812
    },
    "svd": {
      "val_loss": 0.14654272300552348,
      "epochs_run": 19,
      "accuracy": 0.952665592996366,
      "macro_f1": 0.8940657564838189
    },
    "skipgram": {
      "val_loss": 0.11555914170279795,
      "epochs_run": 18,
      "accuracy": 0.9629170796167823,
      "macro_f1": 0.9106481546646578
    }
  }
}